{
  "meta": {
    "outer_folds": 5,
    "inner_folds": 5,
    "n_trials": 40,
    "log_target": true
  },
  "best_params": [
    {
      "outer_fold": 1,
      "model": "XGBoost",
      "params": {
        "tree_method": "hist",
        "n_jobs": -1,
        "n_estimators": 1705,
        "max_depth": 6,
        "min_child_weight": 8,
        "learning_rate": 0.11855881578639947,
        "subsample": 0.9975790629388069,
        "colsample_bytree": 0.8728187313936585,
        "reg_alpha": 0.0006660495541743549,
        "early_stopping_rounds": 51,
        "residual__Huber__epsilon": 1.7448483315773928,
        "residual__Huber__alpha": 1.3998568908871105e-05,
        "monotone_constraints": "(1,-1,0,0,1,0,0,0)"
      },
      "residual_cfg": {
        "kind": "Huber",
        "params": {
          "epsilon": 1.7448483315773928,
          "alpha": 1.3998568908871105e-05
        }
      }
    },
    {
      "outer_fold": 1,
      "model": "XGBoost",
      "params": {
        "tree_method": "hist",
        "n_jobs": -1,
        "n_estimators": 1018,
        "max_depth": 7,
        "min_child_weight": 7,
        "learning_rate": 0.10403790321610876,
        "subsample": 0.864334201097311,
        "colsample_bytree": 0.9108452991352104,
        "reg_alpha": 0.0016960188791491889,
        "early_stopping_rounds": 22,
        "residual__PseudoHuber__n_estimators": 620,
        "residual__PseudoHuber__max_depth": 4,
        "residual__PseudoHuber__learning_rate": 0.02102872728454693,
        "residual__PseudoHuber__subsample": 0.9210316148371506,
        "residual__PseudoHuber__colsample_bytree": 0.8582650196639069,
        "residual__PseudoHuber__reg_alpha": 0.41776285395821033,
        "residual__PseudoHuber__reg_lambda": 2.943996057044953,
        "residual__PseudoHuber__early_stopping_rounds": 117,
        "monotone_constraints": "(1,-1,0,0,1,0,0,0)"
      },
      "residual_cfg": {
        "kind": "PseudoHuber",
        "params": {
          "n_estimators": 620,
          "max_depth": 4,
          "learning_rate": 0.02102872728454693,
          "subsample": 0.9210316148371506,
          "colsample_bytree": 0.8582650196639069,
          "reg_alpha": 0.41776285395821033,
          "reg_lambda": 2.943996057044953,
          "tree_method": "hist",
          "n_jobs": -1,
          "early_stopping_rounds": 117
        }
      }
    },
    {
      "outer_fold": 2,
      "model": "XGBoost",
      "params": {
        "tree_method": "hist",
        "n_jobs": -1,
        "n_estimators": 1743,
        "max_depth": 9,
        "min_child_weight": 7,
        "learning_rate": 0.03637898811976289,
        "subsample": 0.7665987537100482,
        "colsample_bytree": 0.7794985913389357,
        "reg_alpha": 0.0004434634418574392,
        "early_stopping_rounds": 40,
        "residual__Huber__epsilon": 2.4238768939622384,
        "residual__Huber__alpha": 0.005829722994032595,
        "monotone_constraints": "(1,-1,0,0,1,0,0,0)"
      },
      "residual_cfg": {
        "kind": "Huber",
        "params": {
          "epsilon": 2.4238768939622384,
          "alpha": 0.005829722994032595
        }
      }
    },
    {
      "outer_fold": 2,
      "model": "XGBoost",
      "params": {
        "tree_method": "hist",
        "n_jobs": -1,
        "n_estimators": 1438,
        "max_depth": 9,
        "min_child_weight": 8,
        "learning_rate": 0.04981387940111725,
        "subsample": 0.7638605481731355,
        "colsample_bytree": 0.6718948035667706,
        "reg_alpha": 0.002799479360783674,
        "early_stopping_rounds": 194,
        "residual__PseudoHuber__n_estimators": 412,
        "residual__PseudoHuber__max_depth": 3,
        "residual__PseudoHuber__learning_rate": 0.028249647365070223,
        "residual__PseudoHuber__subsample": 0.8179386501138081,
        "residual__PseudoHuber__colsample_bytree": 0.943383851089698,
        "residual__PseudoHuber__reg_alpha": 0.3772928807638893,
        "residual__PseudoHuber__reg_lambda": 2.983844972137575,
        "residual__PseudoHuber__early_stopping_rounds": 155,
        "monotone_constraints": "(1,-1,0,0,1,0,0,0)"
      },
      "residual_cfg": {
        "kind": "PseudoHuber",
        "params": {
          "n_estimators": 412,
          "max_depth": 3,
          "learning_rate": 0.028249647365070223,
          "subsample": 0.8179386501138081,
          "colsample_bytree": 0.943383851089698,
          "reg_alpha": 0.3772928807638893,
          "reg_lambda": 2.983844972137575,
          "tree_method": "hist",
          "n_jobs": -1,
          "early_stopping_rounds": 155
        }
      }
    },
    {
      "outer_fold": 3,
      "model": "XGBoost",
      "params": {
        "tree_method": "hist",
        "n_jobs": -1,
        "n_estimators": 1494,
        "max_depth": 6,
        "min_child_weight": 8,
        "learning_rate": 0.18009278134550377,
        "subsample": 0.8715162832174448,
        "colsample_bytree": 0.9023466399957516,
        "reg_alpha": 0.07951313609523296,
        "early_stopping_rounds": 48,
        "residual__Huber__epsilon": 2.3232421176633777,
        "residual__Huber__alpha": 0.07948148522032548,
        "monotone_constraints": "(1,-1,0,0,1,0,0,0)"
      },
      "residual_cfg": {
        "kind": "Huber",
        "params": {
          "epsilon": 2.3232421176633777,
          "alpha": 0.07948148522032548
        }
      }
    },
    {
      "outer_fold": 3,
      "model": "XGBoost",
      "params": {
        "tree_method": "hist",
        "n_jobs": -1,
        "n_estimators": 937,
        "max_depth": 7,
        "min_child_weight": 5,
        "learning_rate": 0.10417381757346107,
        "subsample": 0.8874775029607236,
        "colsample_bytree": 0.75613035004181,
        "reg_alpha": 0.4941138288666923,
        "early_stopping_rounds": 194,
        "residual__PseudoHuber__n_estimators": 911,
        "residual__PseudoHuber__max_depth": 4,
        "residual__PseudoHuber__learning_rate": 0.0565491425763264,
        "residual__PseudoHuber__subsample": 0.7478297241808147,
        "residual__PseudoHuber__colsample_bytree": 0.9646484235326755,
        "residual__PseudoHuber__reg_alpha": 0.7948148522032543,
        "residual__PseudoHuber__reg_lambda": 3.352491934684075,
        "residual__PseudoHuber__early_stopping_rounds": 158,
        "monotone_constraints": "(1,-1,0,0,1,0,0,0)"
      },
      "residual_cfg": {
        "kind": "PseudoHuber",
        "params": {
          "n_estimators": 911,
          "max_depth": 4,
          "learning_rate": 0.0565491425763264,
          "subsample": 0.7478297241808147,
          "colsample_bytree": 0.9646484235326755,
          "reg_alpha": 0.7948148522032543,
          "reg_lambda": 3.352491934684075,
          "tree_method": "hist",
          "n_jobs": -1,
          "early_stopping_rounds": 158
        }
      }
    },
    {
      "outer_fold": 4,
      "model": "XGBoost",
      "params": {
        "tree_method": "hist",
        "n_jobs": -1,
        "n_estimators": 1918,
        "max_depth": 7,
        "min_child_weight": 4,
        "learning_rate": 0.06772558370479087,
        "subsample": 0.9525818712634214,
        "colsample_bytree": 0.680936323601529,
        "reg_alpha": 0.09736227807888459,
        "early_stopping_rounds": 96,
        "residual__Huber__epsilon": 1.301440549779588,
        "residual__Huber__alpha": 4.451890251871098e-05,
        "monotone_constraints": "(1,-1,0,0,1,0,0,0)"
      },
      "residual_cfg": {
        "kind": "Huber",
        "params": {
          "epsilon": 1.301440549779588,
          "alpha": 4.451890251871098e-05
        }
      }
    },
    {
      "outer_fold": 4,
      "model": "XGBoost",
      "params": {
        "tree_method": "hist",
        "n_jobs": -1,
        "n_estimators": 1028,
        "max_depth": 10,
        "min_child_weight": 1,
        "learning_rate": 0.06658870702907414,
        "subsample": 0.7064749396201832,
        "colsample_bytree": 0.9665755228360087,
        "reg_alpha": 0.00043413629858313365,